{'nome': 'qMHHOwoAaYECgB', 'idade': '49', 'email': 'yMEpqGsegWXw@4linux.com', 'sexo': '?', 'endereco': 'Rua NIbCtFYJpZtRJg'}
{'nome': 'TFeiNzjMuAfyYHksx', 'idade': '39', 'email': 'BEjDyrdxPJoniHIDFgZ@4linux.com', 'sexo': '?', 'endereco': 'Rua AEhMBiFAuGgSAiuIyx'}
{'nome': 'EguHnoFTrUAuUUoery', 'idade': '37', 'email': 'QzqgJRboorIzKjKp@4linux.com', 'sexo': '?', 'endereco': 'Rua LgktJSYDjo'}
{'nome': 'FDLtOesbqzdqzGe', 'idade': '47', 'email': 'MakWfrgesmuBb@4linux.com', 'sexo': 'F', 'endereco': 'Rua qVLKGbVYOPRNTdrRYA'}
{'nome': 'RyfOocoNhyuEDSN', 'idade': '50', 'email': 'ggQNSQvIOmDqZj@4linux.com', 'sexo': 'M', 'endereco': 'Rua kvvnDojQEMsHMXzc'}
{'nome': 'GAXCbICkOjzNZxU', 'idade': '31', 'email': 'ClNJyJMhNfmTvyQxxYvQ@4linux.com', 'sexo': '?', 'endereco': 'Rua yIParNvhlayIcGup'}
{'nome': 'fAZzfzvEySnSei', 'idade': '44', 'email': 'wrzgKwORTAnliywEq@4linux.com', 'sexo': 'M', 'endereco': 'Rua cSdMqmMvebnTd'}
{'nome': 'HJBLhUuMHeAogrtbeq', 'idade': '47', 'email': 'akKkICosKJbUdVcLTCnQ@4linux.com', 'sexo': 'F', 'endereco': 'Rua IhyoOwKTUCQlBvDuVVYS'}
{'nome': 'vEeSluRuOmIJTFrgNA', 'idade': '35', 'email': 'wrCGKAsQRlWLKUSH@4linux.com', 'sexo': '?', 'endereco': 'Rua ZRfcRxPsJPO'}
{'nome': 'MoinSGxEySEgrb', 'idade': '36', 'email': 'qolygpBXCKEeur@4linux.com', 'sexo': '?', 'endereco': 'Rua xoVGMdTrFKHboQRzFd'}
{'nome': 'XStrcVVPyieJJznYZ', 'idade': '49', 'email': 'doKMuRYdKwolzgkq@4linux.com', 'sexo': 'M', 'endereco': 'Rua jeTpYoJAHnSeWAUWG'}
{'nome': 'jgVjBVFVVKui', 'idade': '43', 'email': 'SCUVGmVBRpREfAMIleo@4linux.com', 'sexo': '?', 'endereco': 'Rua ioMdZJPBgdMUzWsDg'}
